0cae0dbdcfab35f50c92b6d2fe94fc1ee979451a4fad82725650528ad901aa57,Benign
0b71126912a73f6bff8806117535e0a1ccd2df0090867544bef5d1a4d757089c,Benign
0a3579551f7610b602d3829e71f6349201be5efa54c42fd5cd4cbd7e5739677d,Benign
0be0f6743660df0034f7d053b6f8fc2638c639574a9fb428442be0211027e41d,Benign
0b92ec44c9f6779983c602d194ecc1f7d4b279454271e5539914a205c319791e,Benign
0bfae7aae9ea0c598a7a721cf8532286ed380e005a0cc9b99f0bac50bd2af92a,Benign
0b8a3c2bb2ddcf6788436c6491495eee476843658945c47e9ca6b02866725f6c,Benign
0c5d5775f39c0717908202e627b7ba65a5b411b4f4b7093a97bd5729e7116aab,Benign
0b7c40e33aab96b2aa8d83cd5945b2dc373f4c5d17cc557695b82891071b1f02,Benign
0b7d6b04d26d819831cd7ac950ff8da92c1dd2f094cd6d5f24ed5a0cfa169d84,Benign
0c85ba42ce797cfec45bd57dcba513d4a006fcfc7a1948b37c1c8c2c2875f96d,Benign
00b39e152ec2f569424596049b35917c7b767b16132f63a0330ccc3b89c7f188,Benign
0b25be2174aca82f592c7f94b9d810f846bed8c9d77c9df1e8e6f618c3492fda,Benign
0ca7303095838fa1d0c171e0ef8ce2c19417c9addce7f1870f109716e8a7b46c,Benign
0be400c66a6171749a459a5ef7fe1e0ead5380a1a97e5062b85da81e200c23ca,Benign
0a2adcac2b16b02d475e9d47b4772b77b0b4269132f07557c7ef6081727585da,Benign
0c1e7683ecb64ca91e6c74c5d335fcb0ec33dbaff2054df3f1f41c7f51d617ff,Benign
0d1e078e732f524531db6f7775c2fc358d34d4b9e057d887b293839e97993f27,Benign
0b5501a96d09eac200ad3954853162955be7233712f62eddb10d27bb07e654ad,Benign
0ab9ac854bd501c947df6110f63a53fc1601606393549bd1b055904ecae095a5,Benign
00b7c7143761c72cd5ffa430bf6ec6c4a8841a6a78e9acfde01e9dbb871339a2,Benign
0d1e15b8e31eb6caa24527118f640459b8bc6b0b9dfd72b3e871daf8a7d31806,Benign
0b2d51a4d7131a7239909aad1e5f8b9290c527ebe07e7d93886cb1c67d50a5ab,Benign
0cf26cd59ad481d6cdaa3e913354f4d0d668af723983ca5b02db327ce495af20,Benign
0af922d5be82b96506e31bbc2c18f61b18a1fdbbba6df90b3c27cffec318188e,Benign
0a6396ad3ffb1b7060a4ea8dc50f861f6bb61d9524af9f23198ce9656bd3eef6,Benign
0a2861089ae97a6224781c1fe36158b08c167d618a105dec3dc87e609afa5578,Benign
0c4ac1f2d771aefcd9bce1d1a09ae0f6585b3fa249415c474e0bb5a2da1d0a22,Benign
a893ffa13c7bc38ccb81603d354df15a2d2c1bb6fbe3f2bc8319306a266e595d,Benign
0a03518572dc52acf100ce877e32b26f14efca3582779770594232807c0d76b7,Benign
0b5f2844a242068e2b5ddcc8cb0e1eb989d2fa41d1f5e220c6d6b00111fa9def,Benign
0cf55281f3f4fdaff7cf97c85adf277388463788c6193330190570875c716ad6,Benign
0a0ee0aa381260d43987e98dd1a6f4bab11164e876f21db6ddb1db7c319c5cf8,Benign
0c53bae03e0d9310b9af12ca2b9e43cda3f07dfd163ee179322c4f4703cf1066,Benign
0d7c0cac63cb098e12a1df229f5c67a537da91c513c88802451b1de31c821aec,Benign
0b481fad94176dd2e2e7adf48f2c878902a7ef2dd1e3dd30b76a8861bcf36cd2,Benign
0c9af37ee834b7f679b7863fb14b4f9a87e9318aeef160c6e8f79ddcb6a4a510,Benign
0a6ff428b0dd9362d5aa2b150cf604d271e5edf8694e7ed7e197eb413c0ed77d,Benign
0d8bc9d1cb2fd9122680bf8357ef5d86285345cd08a9f77905fec9d1ffb689aa,Benign
0b758403a04d6e91ad8287912496c6b342ef6733478811645a9f6cbe81ebc24f,Benign
0c9ab923ca67b2b9612eb6834a731a92d38e6cabc05090b49e7a113437a3fd41,Benign
0bb53ccb243b11395ce6fc451063f95b902ce1a2848c245ebe24d5a25a941ea1,Benign
0cabaf7105dcfcd59a18e85bddae9d3ce294c22dfd0f1d5e14dd66bc042d3b56,Benign
0c241846bf51f13c8cd79c282f58d84f478278ccb9cc4078384364be40319afb,Benign
0bbe0107f15bcfbde5f009f9b5a960c664a863a1b835539e1d41348f7d1d62d8,Benign
0afe4a21c0e2e1a76e6246bc2546746365804bf1d62fa739d0d92f8324897b1e,Benign
0abad7ee6df3939af935362fd894a135b24dad271c04efef063242244856c603,Benign
0c2ac4f3a4715df9863d8564cae3d0d56fb2d7b708e28f2bfe7cf0180b5af9db,Benign
0bda9c61db03ecab75c3fddd9c3a2fddc087bbe1fa59c32de94e11a6acf45bb6,Benign
0b29184a2f2b3fe432f0ea29ea9ebd9724dd0cf943ffd045bc0549d3b711cccc,Benign
0b88107a36b497f8542bd0161c1995b392e8b59e1357aa63dac3785ba5d17337,Benign
0cc6ea66ce456a0222739e73d2164e4f79a1d45bffb9dcced903e97c6af2ecd9,Benign
0c156f84e6e0eefff4171a6d9ecdce86159340d9da65a5628d71271c16f62182,Benign
0c727835347ac1dd0d4f116e02279aaa562e4fead36537061e2d2a17403aa0e4,Benign
0aa12426f5254e84562d4fa60ddbb570a9a1b14056fb0b932c19232fd94ff441,Benign
0b218a0b791328d92c0b4d2d0c3b7e2eb545e6ce18b3eeac00d1de579c209f74,Benign
0a6377585d21c95e78485ace2d4abc1868d6ba7229d4fa3f8a9f9ec1b7c58627,Benign
0d2b2bed245c99a3b5f903127329711b0cec3f2409e5bf0063fac6e9ce5b7928,Benign
0c792f25c552f703e7adf4ef6f48e41e07cad845610ac64f535e05cb91c49e90,Benign
0c0a307a3f9882742406f44ddcccfd62448ce10cd7ceca1e377060d9b670b48b,Benign
0acbb319d8a50504b7528eafab6cc41d626edc0f8bdf12693e6aac8d435da9f4,Benign
0c27959a7c3ccc0842837df5f81c1b5fcf15c654d119d5d09568d35f4c5090ac,Benign
0a85624e56403c9dc85c69fecb13bf183c42fca466f11d7ab2c8de811ccec022,Benign
0c7892cb672a93ca3d33f84f3ad88c1385f306c855af558aab64a4853bb478bd,Benign
2eb98891db27c5d8332dd9d71b026bef7550719a1ace0885ab11baa4f7cd811b,Malware
0c313c2dbbd5d56cfdb25d66eb862f72fd3867b39f016fbd3d94a680be448382,Malware
2e2398a8dbd27d8f7b20c8710b4dd63955200d3479391c87146ce1cc44f231da,Malware
3c483ea6d100933ac2a8f39ca1aba337e111e1f361a15d44f0205cfa097b0d95,Malware
0d79b0549e3c832d86f0810a83ae80d6b035ca8c93daba90e172fbd9516efb7b,Malware
1d3ade06ddd8999c5aa6d5d1eb26ee3b2f9b2dde43fc4a3ff9e77352e0637a18,Malware
1d54594b011435cad25a04eb4c5554dc09f3640041c8b920ba2f2638335f27bf,Malware
2c91e107452f3991bcc3d006d41ca650478c3e355cd5fcad6623ca86b3bb4395,Malware
2fec35578e8278e02a3819857b7d96405799251b8bbb1888ecc1d59c4cc43845,Malware
2d6fb9e05c5d8c97b9f9b9bb09bac0fdd32ba5a0e2e03fa4c9f62908db86e8a1,Malware
0eba57e527be0ee13bcf4b91130e219411e61a7c91bd3ff9910ae69265a15d87,Malware
3b0d95c6833ef5ad0305879be13b0fa7e758e77e4aa78545325793aa50787f4d,Malware
0fd83ea60bed0d13bd33477eb0fc49c489dc036d13f84f7deff33e6401cc3e25,Malware
0b2839a2ae43482f4750d11d49b2abd7c4ec5e448f40c99a00c794c819bac41f,Malware
0efc34fb80b0e3fea406208c26039275b2d65cd58f07add05d3e19853fe32e49,Malware
1e54434c26502bfc8322e6f1cf42c7d99cb9df58e47da9aa791dbf8d02e6172c,Malware
0d509d212500fefd8811bb7b6845aca5773a6bdaa26e8c5a14b66044f3f0939b,Malware
2ddcb55f8b06ca69e025990ece683de620c0e41d4ae8a9024003efdd6249f471,Malware
1f8988fe039700c1e0a3a3f560b6e5d9c8496730c38205352306f55b954b57a5,Malware
0c406f4cae46354830355b592596bd771c56f7291816ded3ae0c3428a8434a18,Malware
1c2a23c28a8d3fb39a2b08995edfb919ed19e8629b0d9cb6a1075a0f7f26814d,Malware
1af9696f03c7bfbad66bf5d24d8b0c34e16b451cb3e90e428cc8777b79f46e8f,Malware
2f8735a0c23b2954bd078869963a12de41f7bf3637c5926461dcc0b35f0cfdda,Malware
2b05b1b26108e6e17c10d5cf5d34506af769ce908061be1d94c26d1951b6d9f4,Malware
3bd2b169774472276d97a81a941cbd250e67b5900cb98106e7b37e3a54e77998,Malware
1bd89f172fc2ba67c5bb58606eff1e345ec2fb2d887aeca89f35eec816554def,Malware
1a21e41f98b676df2f478c67576510341289afd30896f92170107802fa24111c,Malware
2d5ff78b5c29edeeeb928896f5a42ad427e2c4f81810cb519e09f79ade1df27e,Malware
3d5101317c679eb56f4d1ddcd63166c6e8e02222b5a8a4ce9c8f13a0d0ec9d06,Malware
0b609dff72a315f2bb2181d7576f3c969542e0cd9be69d28b36453a626d2e921,Malware
2b698199dc28ce97fe38a76bf2eb16f18ca67b920daf901b1536ccff79ae3792,Malware
1ba55872ab370669001034f24ecccf71ec3e7325c157ab9c75b557cee7fa2b5c,Malware
0b5e1d76c90b5a9a16e9bd843483a8157620d111ed4694ae128c57ea8868f738,Malware
2d16c270b0c9df05db1a9948a4f722c755d7e73787162e843bda326ebf8002ca,Malware
0c35db39453633240613ec6416b605864b61586b9b860293737d1c51f04b894d,Malware
1e921902d1aac867c685980ca3891d0af6801a28ba1ab26b7a32c6075f84017b,Malware
2bf3cc50679fa8c7f75888971111c7f96bd681d9db20538d3c64d343219fee99,Malware
02b0a65bfdcec4de111b74c17f351c1a543c3ef7ac098302995c498d644b0bfd,Malware
01c9eb0b7176f966ad2425dfca52b3d4d407a17c4dbb768a5934863bf4a29c25,Malware
0e47a85128517e25b795d2c9eb7394a645ffdc3ea857da635180e363b3a9ca90,Malware
1fcfdc5abdc47ab563ab8dcbac2895fed18673bbe8ad19cb899fd1aa11befa0f,Malware
1d10561694f699d00bfea2379c50c74f1fed758f15ddf845192c0299ed974285,Malware
0c2a884e2729d822c5b594169c34734f36373f98ab2935384dafbd879f6b0137,Malware
1f09a465defdd907c42054b48f3f86b41f60950db6f9df06425e95b027b91280,Malware
2dae3cf11fa24ee900b39eff964c7c2e42f4fcb6a62fe8826c1f1742116a28eb,Malware
0f8b759d380389c8af8703b6ff548f02b8f15963d0738e471b7d2e6d345e5ccb,Malware
1c169766897c8384d4007059b8129c7943760288fa4f79ae2c6615a5bae29ca4,Malware
3ac33ac15c5f79e7fc5da46bdde388132ac938aa4d7c391061d4c8325f004a05,Malware
3b65bcae5b99410f6771ea63253ed8eb0132189c2a8cef8b21254c7e35bd4757,Malware
3d65db8dcecf28522afedde3b5ca82be91d5b3178cf4e27e8721da97b7998f62,Benign
3c3c963a7ec0293cc3ae867e032e2ce20e5e8394b313b58a6544ecb2ed161ffc,Malware
0dd26b8a1da91b79c8efc59ccde485412ee7d3f369f1937ca8593c7bbef295ae,Malware
2caf0d998e40ff6a170ac12b5bb0c6e012962e36ca3e5f7d518d2ac1465c8ce3,Malware
3d0210354f395cbfce8cfe915b8da60de2494655600cfee4fda5a30eb549dd1e,Malware
3ac00afc43222c30dc74f30e445644d644a5e44612898140bc4a55afd67c5f23,Malware
2c2e48b8d32f6220bf4ec9c2922debeb29bc9c0711b85d817c436deac69684ef,Malware
2ff02f074ecb3eaa364c0df66390be5cb99a112a31be81ddded63d1677d96d44,Malware
01de7cfc11ba2f7e4f3f9f4d31dabd652410950cc030933f54d6af5dca98e9fe,Malware
3c1a9cad3165c715ef62273131bf204699b2df2f2ba509c6c6fd9359b9804ce1,Malware
0c041683e590dfd1a4c27d79799b57a308df3e69b2034f5bdc6949649e0a65ef,Malware
3c418ca9d51c1ff7ed0578e8206d2f054f0e2d3b5ede17fcd7b22d0ba730cd4c,Malware
1ab37e70cf9821bdec007e76750880ce45c0a0cfdc1558932757167ade77b481,Malware
3c6190f62235685569c31a00a390f35fbef2c0b4837fac24883becc31860fa2d,Malware
1e8a4be8a9e8ad48ef0a79dcd9a43885ecc18568906afcc3fad2d8f735bdd439,Malware
00c93e7d748f4695fe4e49d5bdbe7392479875cd687639e271d2214944058f2e,Malware
0e7368eba9c60f93efa259b9e25af6681f55ec7ccff91982773f3d294ea384de,Malware
2b675c1600957f1066313004f2b382af1db9b90c948f015c49b4cabe78672d71,Malware
1efba17cbe28643dcf938410513f24a7e4552ee9f69a7ad588c77e59d67dba98,Malware
1c34c1c5562174188235cc77f9159853986bedf38fecfe2c5ad96cb79906335d,Malware
2b3dd6b389e78e7048a4ee137956b1d3a5677c779133aaf808e05a99be3952c6,Malware
0a13ed78effd1eede88b149cc50a65828a9b19dc1c8bfe42fe66b21a63d813fa,Malware
1f3444cb999ed3ce1ab75da0e5851cbbbb0ee9d4c40aee8b5c9b587a1bc2a844,Malware
0d29f64dbc1063d2c3c4398edf1453b7117ad463310dabddeddd8fa5d6313737,Malware
1d272f8c9326ba2e763b24a5dc147cbbfa456bb3fc7eeefa40bc73ff8c2d53cc,Malware
1b9493777eb75f79df7731aab055e6d3ba0032fd70a1c6a606c9ef4d21b298b0,Malware
00ed9204747ab980535cedd6337476911ca5bddc332cbf8305816e6ad729bb94,Malware
1d38b1a61181ec8f75c34eb474db00e4ff4ff51695d3adcd01ad6966739599a7,Malware
0ab19e877a61c9c01887926b9171e659edc9c4a1661640256ded2a7af1ab581d,Malware
0dc37bde52ee411ffcbe2bf2bbcb930e457a58534e842753b559b24bf3d4c4e9,Malware
0ea4c01ea41385b326bcd6e81238675cac86199962c01305539f7e276509e142,Malware
0a20bbf0cfc9e0f3228e7eb7a60bfff9e6fd409c67b488d28728f8a4c21ef230,Malware
0b5e6a4c3837430fecf81befb12a9818dc9232b465bfe2b827de75ae76cab115,Malware
0a1a645818c217ff8941a4c909398e9ebf480796541688b0937b1be4a752ede1,Malware
1ea72ea2af2b0d9ecda3f5b71e85194976b3d0298c9440aa1456b20573e04d4d,Malware
0dc3beebd9d96f4cc10f53b9d94902f3d410267ac1f8d93db5a47edb10f72eff,Malware
2a8af1c33d6e5a061b07630317bb9dda9bc7b211c8997c845321c78f5cc1778d,Malware
0cd06109188f3623c4090d84ef56293860c5692c066ccba3ba89aeb319d7d951,Malware
2aea59c0610f50cafdb8de979ade2549f4304e6a1786a7e867bdfdc3485eed33,Malware
1f1798f38fd080a14f3a38c684b195b1087f6ec678a64b19900fae95b94aade1,Malware
0c34b30214eef759eff882eaa123cedde8b4c9d6735e56b0a35322909223be30,Malware
0ba7d8d64c7e24fc2bd72bcd3ff8bf04ffe64dffb17da394479443fa459f1144,Malware
0c61f0ef406f77e76bad7e3d0ad1f8c8ba6779379d9eab3495efbdbbab44f9d0,Malware
0d9814cdf5a6c2c7b294467103a8dae2185f309d0c0fa4722c7610c624ad10a2,Malware
0db2943fe911fc35c3f39c1368af2fbc0dc70bba140f0b56e989ab4b36e45bb8,Malware
1cb9640639c1c7b9256da88bbc3b696ea89118acb19674810e908d48ae9f5505,Malware
2aa5bf503358abe2c3a16bac849f78b346f00a93755425a6a08cea73843572b8,Malware
1d3ecc2ef81dc9b19070ca71e902be0d7113e7bffd07f63c3a82f18745fb442a,Malware
1e36e1c069719043f8070db71c524d7f52a5bb1cd5f60a375760fcc48b64cad8,Malware
1a2d4ee8c79d9b90d4e66f3e05c24c9655467b257b3c17ad64b017dcacdeb120,Malware
0d24ea075c411ccb4122090429b1d42946afe2fef6f716a9b338c5b05eb6dd84,Malware
0f8e9f8d9f3b1af5ad9396293d073c81288aa28e0cae4ec3a5288e6313d53506,Malware
0c96c3306409d12b4a618f9a911b7b9bd2f6bd6db8ba5729b61699ae1a4ddce5,Malware
00c73f132156d46db3690edce720f955da3f3c354d90173633f22303bb0fbc61,Malware
1dcdbf085f9fe14e83b361d8d456a146acabe7fe636d17616c65cf2f0a71def6,Malware
1d6fa39602847fd44b232a2cdf37ecd46643d4a6272fb18bcd06ca1f3e9bfb9e,Malware
0c154d111fb0dfbc03bfc22570bdc1e635579713915aa268c09ed7a2c6f95e76,Malware
1f2d2f557acd0545b473c43087249105ce7ae411aa9dfc0052fefd2335ef9804,Malware
1f62d989bcf9177f4906df384c116e64f472582ee586fb7d651b20ad577eab7f,Malware
0ec03c54da951f90958f89749f27052f96cb5b18537af56ca7b167d65838c0b7,Malware
01ee96ab3bc3497c381b86c95f5f5f879cb4833362fef277233e867506415ae6,Malware
0f5e62276b0aeb35eef343ad8070ed2c24585bc566674eeb91ef6b3cec5b4175,Malware
1ca253e08190ce4a16ba9e3bc80a6b49f949986c19ee033f1aa2fdd2599d8a44,Malware
1ca711ebbffdce0a51330850c43c645a5bde730c8722b934a374333fd9ddb070,Malware
2aad648765b8a60766792f29ecf8f20282fca686219bdae7c3937696455a7f0c,Malware
0b66df15dab6b20311795b76744208c41ae3928098504af9ae748c0dd97fa213,Malware
1db2c7e8158f919292aa1d7719c73132d1c0a6d5b38b85d404f37f2415d9fb8b,Malware
1f57327ea75d85a368b6b041f3fd3cc1d1b88bc3d041b4a87cc19f8d251d6668,Malware
1f37697aec71a8118fb31522b2e19784048c08fb7132dc11a48a82b8133b4e0d,Malware
1ae0abea30ec149b4d67b67f797b05a864542e66828c8194e20ffc354e1f3e78,Malware
1eff45971ba6a2815cc378fe257d223d48a337e354f4818cbb4e1ce2924e0041,Malware
1eaedc5e43215a95268f71afca50fbd1728de2dec5b6e9a3733371166c9ca4de,Malware
0c2f4c90b25a5e2f4d4c6247d1fc6c316e4cae65e139a3c66446ea21ae46c6aa,Malware
0d09457dd9b686a46a16e7009fe938c4617602a2e2b37de0d2e54d0ba3bf0fbc,Malware
0f6285f95e98d7b40f80a03d2d90b350bdc35b139a2d90338375aa97bd303d86,Malware
1e192cf8e768cd3f96742e1356f703bfefec6005e8bfff82ba00d7079f47a6b0,Malware
0cb499c27a3f83b3533c5901405b7193ef90daa48a612ead85013f818a41e8c5,Malware
0eb9173786ac8a5b3cb0729630af6c3ffc9961774d9f9579937fc331d73c23e4,Malware
0f29937109653c10d49a1e607f20e91406dc06fb9ab2275195fd7a836884f30c,Malware
1aad6b1ff52d3c7804639a535414881b27e7f7be5029ed2fb2b79548e0411759,Malware
1a0fa0c56c6a9792100bbef7792a04f12a64ca0e2aac26f0cc7889ef3e243eee,Malware
1d0f0dbb33b62b7fb7463a75df864eb84f80c3bd741d4164ec1f32c3bcb644f5,Malware
01f2add83b64a820898f27de3c41ceef5dbce5da64065002dc44826ccbc1af95,Malware
1b5a3cde613a2d8f606519c82679fd615994c071e8bcb7c6cad71ec0cce46b31,Malware
0ccca891d805c9c809477238c73330c9fd9c655f22dad1200d4aa826d4aa9a1f,Malware
0a1fe0f21e5ea80b1b7e85c89ca07a86630e33ed4758627c40310509b37fae35,Malware
0b63fef685ba1d1865340c3ba5bc2c211e73de58422bcd3aecda234e5b2ef114,Malware
00accd017be3b6376c72c90cbaee1daa5209059005031492f0c275f3c6f3684e,Malware
0a0dbf095a4e8d6ea7d656126ee0d6b24915981c7528d6a4fb14761097e65999,Malware
00df7ae1d497ec0a03df202a87d87f0bb032503de3ea7c0c75779caafc4892a2,Malware
0d261c6f5b48fe538e1f5f2da7034ed72fb236a2cfd7c2418093aea53bc78e5d,Malware
1fb76d06b76850ab8fac35dffcf83bca95bc420866f8d81e28e2752b13471560,Malware
1b07812dfab529d7aa58bae8018e6a664fb710e7a035e426696c0f03e8e76a24,Malware
1f096e3fd231551ce99a5644c99343cebd3d500df4cd67d49f7278d4a21fd766,Malware
1f6d5aa457eb9dea21a800a8ad3e51b800880342b6f41ca3c6876942edb7f5e8,Malware
1e23f0595248da3a2b4da182d3a984393a44cccbbda2d5a8273fd5253f2c2240,Malware
0b2897cabbcd1c131fcc834febe420a51bf20fb328c13dca7e361da6e6187f76,Malware
1ee5f54a8fffd735aad4feb6f17cc6d16780ab7ab688922ef5b1375bc413937f,Malware
0ccdc4528e5a5ab727323883dae0668c5df268fc970d53bf75d91e160ae552d5,Malware
0fa14df74a7d22a938fe52c33b12109d7d5dbca83b4b9c74a1debe1859fe4951,Malware
0abe6974fa123b33814167cf7dc149f661e2a0b506fbd8a33e7ebbed11c13478,Malware
1dcf3b14929a9a9d9a2bbfdd3af7fbc8a171a9aab18d179214f543bd9d740f5b,Malware
0b4dcb9c24460718e61449b6afc0375889bb6d573ea0dd61f59cd22bc8e33ce7,Malware
1abc68b41b0192c67ace5492ce13677c35cf18b4f3c748fd2f766b343844226c,Malware
1c1a163159b7ca1b78012d713425ad6e62aed068bd6ae5ea0a76825410758043,Malware
1a7593041b2fe8d4171294ae0dff5b0b6572bb61e1c7ec1a0cf5a6ce28fbe67b,Malware
0ee7519eca288159f67ec989d03dcbdb50b14cd86cf372508a15b34a79dcd02f,Malware
0fbe165fddc30ced3529ec0fc8ceee04b069ab58281c4222a59cbbc30f381fb2,Malware
1fa25d89969319a04e334b440031393d0d83d8bb2bc16421b94e4dbf881f381a,Malware
01de1ce759412710ef4d316a9185ceed1fb4dd051625bc09c3b6c8e408faffe7,Malware
1f35607d71e3b6614f2ce0c3945c9bc5f32d88df3c58af50c7eaa27801b88e70,Malware
1c83aad1f5c5afe33c4ca67b6d93f099b8d3cd304731ba76beda67efb410bb08,Malware
0ce25ece6651de794f2ff1c6601a9e7bb781e6fa72fa7b29f221015449b75109,Malware
0f0d760b70fa663b98fcd38ff0d448548108c4e9b272b65cb82f973a1c14bdad,Malware
0cc95c6b2baa2f8f29e91ce58bceaaa03c7cd73e8f0b1be6ac52d5b4a3b4c2c3,Malware
0cc3d125fd3435919f2074d42da7654823898cc8490fbbfbe3f925805c6a7d3f,Malware
1b00f78798111c0778a4642c9d6a1486fc8e74f476ff76d0409be92cbe38c9d3,Malware
1d339579cdc3ed594614b3e6ca3c3b509ddd3cb4498947b3cc5e238077ec4fe5,Malware
1a22bc7bd319c510a10743d3324e1e1bf969e439b6c986cff9ff10dad8d37cb5,Malware
0ffda7e954364a81c264d22dc51afa5e9a66b03571ca05b6c59a2f7e5f75269f,Malware
1ac5d9f11bce9654275904e84c7ec3aed0d6c7ec5fd8aad67120afd97fa84629,Malware
1a947c2d9c42a542d671e597a7f722e58f0b51a624b9f6fdb5ac9ae3861e8ee3,Malware
0ecf21d2b2623dfe3f99eafc6aeb146b0481158e49f8087bb17067f7245dc8c8,Malware
0c2fe357fb5879f410bb1b36c627f22c9da23ef5bc4ebdbc5d60940ff66a9d47,Malware
1a0da5cbe6cba142e771d27687b46b75bebd6fbd69f70c3b08f3008bfcdc23ea,Malware
1c8a495ebadbecf93ed4009b6649a8c6252288b6c4fc4c35615c9398889cffad,Malware
2a67402a0c1e3b4177137515693bc7adb0348311cb6791b980e388ea2c6ea2c6,Malware
0ea02a8f36466f9f8114294c28b99b86d422785cb01dc004f5c8a90c8769fa2b,Malware
0b43f8e187ed5a16aa81b27dd381c1f4eabf52b11eb435715a69eaad8af17a0d,Malware
1e7b0f6cc4f715220cd5a94c3ece0ebbae085b4c8027fa653c66c7c3435195e8,Malware
0b33696e08e87ecd465ed1c5e92a81c2039502dc5f6ab33e64aae6fa3c58a370,Malware
1b8f741b1fdb569377f834cff8df13023f7f17ffa5301dd8bab2d1e884c76796,Malware
1a759f15e013a489cfaabba9732794fbf5422c1628230b8224f45d763bee196d,Malware
0cd0bf1e2e5430917f2c7dc8e4ec08eb174ddd5e380c83a09d5065f8c8629550,Malware
2a23792486d316aabfa5e85fb18c0bb93929528f7214ce497a0b92b2776791ba,Malware
0e0147eda810f0e6f6c7db163d70a639fe18c4522ee21cc7d6a6a59ffe4e8dee,Malware
2a2816308454cdd5b7678aa8f38bd0648f03a761f3ebdb15fb799e74ac4ec722,Malware
0aa2068b1afa739e64e50ae8aad38ae1f28aa62a26cfff334761990a317453df,Malware
1ebcbbe615c9ab1ebe43c98a02fdebd712a64b488791c22de1e3014c2e6ee4d6,Malware
0c5740ab83df3c544ef8ce9cb62eb9eb18441c7d9d9397719807affa23614037,Malware
0d222feab8960a32b0b97f63a2025bd3aed66c2778de757ca7f2bccb3646bd95,Malware
01d320dd69d7f95dc91f222d2546129aeae47547c1c53097822ad2f20db9fa16,Malware
1a50ce8749163c4f7a19f5b53835f252e7d1e15240afe8ed7e47e7cc7bf0e33c,Malware
3ac23e6ff3866cab92591555dbc3af96f8283f76cda383b356d9f966f34650c5,Malware
1f4488987468e5d692ecd2dfded05666b592b9c33f6d78e0ecb33a628d2739a5,Malware
3d3497a7f26cea50da7ce9ceb92fc0e626a684a3486f1eae6f52c2a84cb270fc,Malware
00ac9dac7971de8a4ee021a77ce9371cdfe8f1cafb71d7319bb160ae6fc1d9fe,Malware
2e91c02500ef6b16c0b5a924240f571a27f50278cfa8cbfc1dce59338e036e14,Malware
3bcea8736b60a07b8dbab0e7b0d08dfae1d6cf736eda9135c85fcb01d897b95b,Malware
2f183aadc182bea135680d09da234434f54b86f1facf99f81166659eeaa04cb7,Malware
2d0518e40598f95567e2bfa23a10a4ae1c6b11c538385acf2b85e67cd2d9fa4e,Malware
1f39b05e7d57b06d3cae32ff7c04bfc4f8d3b23a68b7a38f061dc0a200ac63be,Malware
2bd154e26ca27c0f1f14b45e62df9b707ac747f608d349a6d555f25ef8483c53,Malware
1d579b413f9ba028d444ae8acbd5c0b2848b311db6b9888305d52bfdfd76e758,Malware
0d4e9d5e99ec3920a970445bc6e8765ff7adbc659ac33bd3b23059d822cf33c4,Malware
00d190942efc8c667ae4f56b1a1bd469f42862004f4a7662e1d78a3d3bc0b1a0,Malware
0c53c8ab60e141dc258f4711930a9125d25b459494fbba7b692e7db4da5e6ac4,Malware
0fcaafb52cd19a65b21585cfffce957288938b23fc08a1dd1b71c89d2f98eb11,Malware
3b94fc0e8d9b53b03aa95f8871530c471daac5e43fa8b4fd0b5be3e582316085,Malware
0d1878e128725fcf55dd03b47f543fb0c14a1349010d8a4d2759dfbbc54e4a3e,Malware
2b2d421ea84e3f0b9ac8b482e49a5b40375dd780e7005d5b95aac24d51fb075c,Malware
2cdac6204660e8718efc1339a0cf333a865fd4ab90b77f1b033071a577861f3f,Malware
3dc9f3880705707bc019a251b513f819358b88e36511aea64b0c06eea9bc9ad5,Malware
2edb46dc530ee03ae06603ac9b817bc023bdd213d340f05bcbd7f8147f565c66,Malware
3b5f6210be84848213f3d032bbf55fd912f173c1a7d1162a91403092e884c6ee,Malware
0b9151a0aafb3f2e37c1129bc3b481add4fc6215fd4e34b3252f52b8e322867a,Malware
3f4f902892b1caeb6a4f71ae455ed8a653385472119517b7dc0f8420856d68f7,Malware
1b002c5671627b0291a5abee857831988a6fede0b249214ec4493c0a7453dee0,Malware
2cc652e23c6194bbc3cf3f9d95bc31608b0b76a8960206a4ff3b5ea242c458e9,Malware
1c6d654d413ffda607702be9aea0de1e529a60ad0468d9e6f84ebaa53593b56c,Malware
1bea48999c86403fe7015d6853b31d1082224e31858e7b48c25d432892ad1cf7,Malware
0a9e83077e39d2046633505e3057edbcf470077b23e4297b40df27196cdad3f9,Malware
3cd250f85efcdd15281568c0f5ecc419abc2399c1784c84b0f06024a3954e841,Malware
0dd8ecc829f12ffbabc68984883e0243c97efc4edb4015e11d4566a9c4a5256b,Malware
1fd3c89a3d1f321720b7f8635abdc1f6ae270da4ca6a325b6b224dace4a4f71a,Malware
3cd0a5b0258e899a4e40f0987b4ce9584bc573788fe5bd4b7881a88efcffe623,Malware
000d4ae8b195127545cabfa4f63e4c210b1f38f51fb1d9e270318a0276251e88,Malware
1ad00546555d17c3a9a50468e004517b025ad4920e79adda904b7f17b86929f7,Malware
03e9ab266139933ad9cd13b192a35b768cbf09e21f5516f7fd92291ece9fba43,Malware
0c6e099e5f3eb989f9f6d43c0d3721acd7b25f75e8ce8d1bc5b2c189a5a0dd92,Malware
2d333045e299a353131e4a3e115bde041704cd4fcd4e6a8c95f0e302a9418246,Malware
3edeee1879329d2cef918585a8883394dafa8ea192e08cda779e3488bca482b9,Malware
2be38275d52e3c2aabdba28de821a8aa8f5cb6efe012a23d97d7713a959bc1e1,Malware
1fb2e145ea9827650df28b8601353e41fc81655049b340f6d410f9320d090478,Malware
3c8415a42cbaacb3f106c44cd1fd346452d6c3e237bc68d0780be077fd16b9cb,Malware
3a33aa0718148f7a47c44d749451af091a1e215e0e77be2929cb5a346039dccf,Malware
0a25a55f10436c835b43f77b0852cb3845db3752984a1cfe90cef54ad344c5d5,Malware
0c8eac8e6b31b38b467ac97bf15086f24d3298f582453cd9a22420478c67d2d4,Malware
0c0e5d2a515bd9578838fb6fa2c586c9446b48ca816356198b96b9baa27c52a7,Malware
1f48923ba00a047ed742673d02812214830b33f44f9a519733244272ee480cd1,Malware
0d206694c80bbd5113e651592119404bdd336d659e25ec2c533278e608bf7919,Malware
2b2ea08ae876205877d4db8a8749ca942aed8a96ba4c1f1166bc740f99261334,Malware
0d21d20220ae30be6f876603ba5cbdd890516f6a8658425eef76f13e86993e8e,Malware
02a541f25bbc6eeb242e07eb5af4bce31cc6688c75e5631a53d65c91c10ec4dc,Malware
3c74c44c6c1bb2986afb6a47598995ce00981afa6cbf284b616815b979cef1b0,Malware
2a61961cd184b777ff1498e5ba211f864cfb65d1e4cb65af788441ef94f9f636,Malware
0c6ec6a0c29614c9b3a25d5ced2c90a9c2cae4aea871bfcc9d89cf8f73b392cb,Malware
0a652282a8bcf24641f02d1fd948d5333c85ad22e0bf6823e8b241a03c608485,Malware
3e4ad2d9b5cfa44f1ee0f77724b76b0d03d0aa7097eec2f24a761c2fdff062ca,Malware
0de05b1807b50814ad5fcede362e2cca16fbcb921c021b8a970bb34aa5b66ea6,Malware
0b04daabab9d111c1faa1c261a289d03451f48d98837adce4be8dc8454593b9e,Malware
0d7f1c1270e20fa57b5f67cb6fe953d7457face9e4cc737b9755845ab3f52ca7,Malware
0d1144ceeb90aa7d884dce62a9d8b5d268599805f6e2fa0f54a21814f311c4e0,Malware
2e0093e3675e0d79aab2cbf84ee9846d2d40ec45485940e46c2a73dfabf9d3c0,Malware
01bd51f3bcc135f0e927bb78addd1810e23e3efd4fac4e84559821af5ae3104e,Malware
0c97d985351bc1ce268548ff906bc2288f0f46c783128625a7cc96eb4ff2eee1,Malware
1d17f371cbd1ceb5c52db77fe64be9208a89c33058f87e9e3b3e65e4c10b2ef2,Malware
0c3f6774c3a71d2b0395711235118dda57c04fb5f705dae0eaad00db19aa4a7a,Malware
0f68f8a6d4c63fbe387b2e65a7bf8f217b4f2e27d5b6eeae8d509c4a68f7c4df,Malware
1aa30218417f35be74fff18d10738823560ca70171d259870f3548dd427d81ec,Malware
1e11c4e66050e029b0bac5785063783d689dfcd05436e3dc2ce5af796bb097e5,Malware
1d04c0113a75c8a9db31a00592496c452ebf0179b2c89d7cb67beab67e58bfda,Malware
2e365b5e79bf4daed5647819703ae7ee19734628471b8011a5430301058a1b9d,Malware
2b9423ccc4240aecbc05c9a10b1e97cf0469143eccfbbb8fb549776d78d0b565,Malware
0b0ab12cdf751f7fbe2efae9ecb771d980509aef824930de0a60f1c408dabd2c,Malware
0ee8227cdff412efb5cef72b29bbdca5466edf10dcdee6804f02da198167b830,Malware
1eea5fefb37347d6da1a450598d10c89597a4b1a1cb2d866ccf80247807dcda7,Malware
1d32fbc0e5a93c3af9e2a7acac5b7c57638b04e1a0808ab8797569a7c39cec5f,Malware
1cd0f24d32f30ba26ea1ef368b388334ddfc6af5e5b867c02de22b1603f0c45d,Malware
2a8af59c1ff00f72fb3e2c59caf728e767d4e1f0f4b0f8d0f547350af1a655b2,Malware
2afa31edcd344c83fe2da76b6810251655caf5fbf0990aeceede590daa5cae89,Malware
3a7e7ea3ced4e213a6ab806c9a52f458665f2307c92236097453ec928ca24d04,Malware
1d459c54c2fa29e6778c3144939430d792795d6037f66ce8200ca4df1d8bb43f,Malware
2f6d81742586a06765db0f21199d2198192fc0eac81a330cb0142ab77f97eabc,Malware
1fd24e2018a92867712632c9e2ce98915f4e526f71dbb324704f7a5eb5caa01c,Malware
0a21ef18ba03622736a8edd5390afbab6088dcacc3d5877eb0b28206285f569d,Malware
2a53d9f109ab4baa54cee599528958bb8601eb2ab5deb6ed6cb782120efcc38b,Malware
2fc09150413e3d5be1c4946bb6e6cf36c3e267ac98369a19d62da241f1df2054,Malware
2be97017e1d91ad886ee7566f5f92098a370d7074cdf2b9c2d36d9026521470f,Malware
1c985084d3c57183c082dbff6f1b2b5055a1fc27f152e44ee0265056c84a5081,Malware
2a5837aafefd3712af020d0527db239d9b28f756d47e7a7e69bcdfa43b19056b,Malware
01cd775b2d4e0c75f12012c1a60f081ee22ddf64629350cecc05a3f04559f1e5,Malware
2ac20319a264cab951709d52cb7f7582414a8b8994a7f6f566844feec7e5ffa8,Malware
02e6f8f7d7a76c863572f7b782d92d2019b2aa29a68b16cf766193f29efdb3ac,Malware
0fd31c5e88508515f1d7d029a4284769ad414c57212fd83a2c5afb1872a43e8c,Malware
0c19f5cc9fecb5abbb25c213cc884d11bbdd540b859d8b3b46accb2f34cc145d,Malware
1ac71b5afde7dd935ae31dfc995b797c18a47307be0ed61cf692ba86e03b3509,Malware
0a56a947d9c0be507b6aa0e2b569ca7eed39e5e802c8cf78be71adda9d324eae,Malware
0f8dfa22f8d4849884e634ff570e4d61c0e3446aeb606c9a8ac83f5531fb0926,Malware
1b0a09584b48b30535a4074490d7f3dee1d7149122795bc553463bfc8cdfbb22,Malware
2b27446f68901dd365bb555a28cdbf0228751de693e4d2c62738029f071d87cc,Malware
02f244a497e0cc067b292552ea2305c0f99000c38ba063849d370875646427a1,Malware
2fbcb8fabd44dec177c60db6cd251a623b3bcb31833a1b1321dbab69be3e27e8,Malware
0b9bcd45ae44d8d53d199e7cc137a449da27f9062815fc785df402d09e72a614,Malware
0ba98187e04d060d65a9b31028e08efa3a69f14352036ebdbc885003062f737a,Malware
002efac668aa6e1a35b9b489f2be520e7cb45acd4aa441fd6fd1ebd78e5be519,Malware
1f16f1e5f458bd00f8ef27080431a9d94edeebfbebf9edc4fe05b7515f8a650e,Malware
1ccacdb9fdb51ddf324843fd08f3848f8a4158c42f032148ed87e8995a0aa492,Malware
2f4f19acf77e9d02fa535eca9d7ef963a18415fe1cd446ceaccd55b7ee70b533,Malware
0c35e7e375ae87e74da6d5a737e88ab2298500bdbe2ad92481250e8fe12989b1,Malware
2bc5c7816ab112a49c2ef2cbb138e1effbd093332755af9819581836e4a69559,Malware
0fac2865bdbdc6ec45c3cefcdcad1deb895c7b821eec52abb046f7c4128b2def,Malware
2dfb0b046c2df4813a9606a691b02c36e81f7e0e79ce8e29041ff037aa153268,Malware
0ae9a90db211e8b09baee9d26a97f943e6098f4f33336069895442f175111dba,Malware
2fae090a182b5f183b08621947f0896a35d37bb4228fd5bcf0de4090d0608db6,Malware
2a9809738205fc890d5093540701051f209d2c69119d348771540e70b47184a1,Malware
2f19801deb3c09315d0e05067acc565cf1a861bf78d955acdd66d48b4d901e76,Malware
1c78a11d2ef0e85b15bb37f768acfd486d93d012e549637df1f842297d1b8249,Malware
1cc2204132f77fc4b897762a9ccbcd95169deb59d96b6faa56298a29a0378aac,Malware
0eb006f0e4b6391906e7951a620f7ab15db3123a52e11ce80bc0d7d615b2e19f,Malware
2b22c0bad336b09f24b354ec48ddd090a6ee8cb9ed50ac2a41ab5a73fd0baebc,Malware
2f7544a2b8e2307bab29177a9d97b27d1bb831e9103061804741f935c263883a,Malware
0d4f1dc6cf91233caf8338cc83014344db378f698b63216bb11d59b557e5314c,Malware
2a5e17f1ad8dbc6f471474ea7599b4558b387c67c2ccfc7ccf75fb27624d54f5,Malware
0cef14726ec5339f2b83cb6640f8a2386e4a97be68bc5699673c1095df142b77,Malware
1f442fb97107f6b79b0742303d8ecd0ba3a029f64d4de07bb25a43a2385dbe92,Malware
0e63f64776d3e802ef595b040765149631dfcf1c5bb0a63eef468caf41276ded,Malware
0a714f1ff140b7f5f8f9f8546f171806de5874908cc11785d261046910ea68f4,Malware
0f37339acf841104a4a7e8215595d75df929d0644972d2cfeecb93f4d0afea75,Malware
1be09f3037f965a4c39a460aedf28c2b1ac23c9a289ef6399a3f4a4e6fcf06fc,Malware
0cadbfbc6899ccecfac4821a3f65d1604e7f34db847c515a594d994864489c85,Malware
0d7b5d0d65dd9c5dbd39062440a422085b3426dcf532ff1c2e224ad02cef5966,Malware
0ce69a5d5de6e1b78d8da5b06a1e4af7260d5f2f7382418ed66fbec19242a73a,Malware
0ad5b793459e7f519f9f5871e0b06f79eca2a8f75d52ef086fa5e502ac85083d,Malware
1e242b41426cc9aab2215f1e4398c3bbbe5e0040d9e9c5e05147132676d6cf38,Malware
1ae646d85b8c1eb5bce7615abac221f08ad08369d9964635b5ee55682f8ef53c,Malware
0fd8c0a3122320849d12ce32585b6b80aa4e611c90d9b158fe0d2098914b1e41,Malware
0d036ad485f00fee60d853e23cff0a8f60f9a770faa814be85f80dad794fd734,Malware
0e2e74cde8b0a7a77d676b3bc97bc8f80e7254a3f9fc94d1f6a3fa005a095850,Malware
2a21785f1e64d8df21ed597d1353e69372a20d51e32b2c9c35be27f79b37febb,Malware
2a755eba0b2d9e2c6112cbc93107aaa074fcc096f6a8a612d98984c847c3f9e3,Malware
01e2c5361b164475f53a9dcb05a3c98807036769e47626a7c06240185b66e5a1,Malware
0cc42c86ba9ba244cb3967fab5396eabc2205e2296dc4234f5ae85e59f39a275,Malware
0d8526762f0b432c181806e2576ec37a25feadd4562e3f03481b75fcf97b5a2c,Malware
0b39bd14eacd0d61a9cb41524c8ffcbc76c5a576b9cf77cd7a556d8709e47df1,Malware
02a1ada9781d794979361d62ea4200f45c030ce65259e42674855915681b3896,Malware
1e8216772ac743cfed54c7daec169f4b13bae410ae4db5a98fbba062c040c88c,Malware
1a736f1d4f31c16d4b3ace9ee5fecc96d421ac46cb1ddb2d0836260cc0f91e54,Malware
0b25548c425ac81f565040c3535beb6dcfeb99b65064fe306961648b325703a9,Malware
01cc0b5944895ee8b6183d871e2c637622478b20a4c29f7238f75ad48ec5a7f4,Malware
1cbdc6dee2b57cf5048f6abc6499f8b549c837ea4ff1683262ecaa3ca345e079,Malware
1d48f76e217f3dccb9163326f825ab7f81b0c7605796640dffda61a11a49f965,Malware
0ae7e0de4a3ee6a9b2290b07a50aff002c738a6b87ad34144079b04af1b4a7cf,Malware
0f91b50c618e21a09a92640f4356314a71480303ed11ca827f53fff7f37592b8,Malware
0e2a84788b1389c62f8b7030cae4aa670d434dcdc1d8c80b34024d0b65966bf2,Malware
01c4d139045833a1164dbedc91e96f92babdbe4363e736d9382062f0ab88df13,Malware
1d8eef4d614f7dae3aacfeaeb0ae9e5a8a7473edbd9ed01406be482183dc1024,Malware
0f205a106f953ac1f8886b5838366512645afb9d3ca15ce7db7d9a2bd139cdea,Malware
01bebb0fe6eb30fc6ea10aaf04494d03cdf87107b8956f8c3719577b3fc06898,Malware
1cf8b401281314407458ca6ba6ce65ad4756aff713b8c6eebb5ba53b5c4e09a5,Malware
000b3bd706f241802c397214ee1fea8fdaa687ccc6d3afff081fc4b96d2e8f64,Malware
0c2044b08ae18206c9e22a1ddb8e58eb02e3775f2eace6bdf1aacb758ef0a578,Malware
0bd79e1e285dc329f824cb8e1b8510651d370c8b9432dd689d5a5f950d8fa8db,Malware
0eec5e3beed19e6d95f8680be7cae564a9a2f9a18074c361d332e25d2f185d99,Malware
0c33200169a0ca0a7c1cd3b05080f4a25ade13896ce8dd07b19b504eeca5cf1b,Malware
1b58e546933195bc33f7bc60e413873ec7c9d365e10a3f1c0421c980d1f31292,Malware
001f2de9371520070f969a425fc9aeecb64acd6f0cedf9494f032c29937b008b,Malware
1dfdb9ec979de01cd41156dadce32747af97f954ae2966ebced7dd34fd3d40e8,Malware
2a2032edebacf166ac8dc984ebc161f47cf0362171678db793744d663e785641,Malware
0c60c1fc3eeac53ccce7c381a19c739861a034a1b5236fbe2ea8c0cbf04668b6,Malware
1af6656744a491b0e6f4f706d731fa8fcc40cb3bf01244a7358bb390a3dfa2ac,Malware
0fc28199eaf5df886c86e956146f521229fb1cf27dfe5dfe65cacc7f3e75637c,Malware
0d1726a0e33b04bddec2e76db21956dd4aa2cfbc100d5b8aac911565fd53ec10,Malware
1d4bdf3a1196c8ee3bf2c8f29246bf991f179390060f1ca54ff2a3a30696d9fb,Malware
1d4dec4f5f0b4fe9c21741540f09b952c60142124261b68a9a4bd8928cff67a0,Malware
1a50810238ee7585a2c649de7d6fa53079ab02145b877bedd6222891496f27d5,Malware
1f3a4292b47b42b04ab9b7f369ad9ab052670dd5dabe613f4d97277b40461ce3,Malware
0a0f9593f922df76a1057b9cad7df347bfdd19a6f146bf28ec69ca644a910c99,Malware
0a820af16b4735e6d77fcc513455d955f8f50cd6779b985323397410b1870c6c,Malware
1ad4c710a7bfa00637af09218aabd4a99466c1ae1fbaa8709488521c0acfa048,Malware
1f1299f4a674e144caeb48a6563ba465e6c62012fba95ae2107bed8b80512c7a,Malware
1df861653902cd3cecc91ab451a66bc00fecd322ce88d51827fb9ca87f16d010,Malware
0b24b1bab98dd9e8b554c3ff2b7681a62158890a97e4c2ce214960b0ced1d699,Malware
1da0d52a3652bb658dd27ac87f884f20eb94a3b5eb3a735a01c549f07c36a4e9,Malware
1bd757cbfb174d2b7a4fefeb920f1f84af2b5700318de8486d0158fb07a9c9c0,Malware
0fa1ecc9b7b7170e132018cc22ec798ddb62d2dee6a711e7910b6b200e3f16dd,Malware
0a7ade6b0ab771be9483b5fa1946bc526e9e378bccf652c47cdef8329f2168cc,Malware
00d4526e0791d198236b9ca2c9fd95c743a4acf7eb68d2c7946fc12d0e6dc499,Malware
0f689b709752afc2c98c3ceb005f2044783404f32ae135d02e8cabc99c722dcc,Malware
3_backdoor,Malware
4_trojan,Malware
1_benign,Benign
2_benign,Benign
2669c209ad1a4370e200e01804a54cc4f1c1eb7d2147c0a37d021f4862becbf7,Benign
2680f1d376e81f77b177013da5ed70ecbbad528ca329827f65987fb14fa30e07,Benign
2691f426253547325d6dc9bc6ce2b2691be3debc0ea6cbce32f0a5788f654674,Benign
